OID_,COUNTY,BUCK,ANTLERLESS,MUZZLELOAD,BOW,TOTALDEER,REGIONNAME
,Barbour,1311,1693,333,525,3862,Mountaineer Country
,Berkeley,836,790,143,399,2168,Eastern Panhandle
,Boone,584,269,130,294,1277,Hatfield-McCoy Mountains
,Braxton,1539,2604,567,546,5256,Mountain Lakes
,Brooke,538,699,122,357,1716,Northern Panhandle
,Cabell,773,809,148,326,2056,Metro Valley
,Calhoun,1125,1369,243,344,3081,Mid-Ohio Valley
,Clay,472,190,94,278,1034,Mountain Lakes
,Doddridge,1396,1895,333,249,3873,Mountaineer Country
,Fayette,812,922,319,616,2669,New River/Greenbrier Valley
,Gilmer,1229,1620,270,264,3383,Mountain Lakes
,Grant,1352,1458,352,471,3633,Potomac Highlands
,Greenbrier,1840,2455,534,722,5551,New River/Greenbrier Valley
,Hampshire,2233,2265,348,350,5196,Potomac Highlands
,Hancock,462,653,149,459,1723,Northern Panhandle
,Hardy,2117,2221,367,457,5162,Potomac Highlands
,Harrison,1650,2098,395,527,4670,Mountaineer Country
,Jackson,2289,2599,439,677,6004,Mid-Ohio Valley
,Jefferson,685,601,131,353,1770,Eastern Panhandle
,Kanawha,1077,758,179,716,2730,Metro Valley
,Lewis,1838,2555,497,524,5414,Mountain Lakes
,Lincoln,944,1038,176,389,2547,Hatfield-McCoy Mountains
,Logan,0,0,0,541,541,Hatfield-McCoy Mountains
,Marion,1446,1731,308,521,4006,Mountaineer Country
,Marshall,1719,1658,277,506,4160,Northern Panhandle
,Mason,2295,2506,454,767,6022,Metro Valley
,McDowell,0,0,0,692,692,New River/Greenbrier Valley
,Mercer,509,650,147,451,1757,New River/Greenbrier Valley
,Mineral,1312,1312,162,340,3126,Potomac Highlands
,Mingo,0,0,0,292,292,Hatfield-McCoy Mountains
,Monongalia,1808,2138,415,709,5070,Mountaineer Country
,Monroe,1472,1973,273,505,4223,New River/Greenbrier Valley
,Morgan,680,772,109,163,1724,Eastern Panhandle
,Nicholas,1091,543,572,833,3039,Mountain Lakes
,Ohio,527,625,117,273,1542,Northern Panhandle
,Pendleton,1443,1223,232,371,3269,Potomac Highlands
,Pleasants,574,635,102,102,1413,Mid-Ohio Valley
,Pocahontas,1057,874,243,353,2527,Potomac Highlands
,Preston,2041,2825,512,1075,6453,Mountaineer Country
,Putnam,1206,1403,202,550,3361,Metro Valley
,Raleigh,602,617,141,537,1897,New River/Greenbrier Valley
,Randolph,1357,1494,545,864,4260,Potomac Highlands
,Ritchie,2000,2539,476,479,5494,Mid-Ohio Valley
,Roane,1909,2568,404,541,5422,Mid-Ohio Valley
,Summers,807,1029,212,411,2459,New River/Greenbrier Valley
,Taylor,802,959,175,264,2200,Mountaineer Country
,Tucker,626,562,269,428,1885,Potomac Highlands
,Tyler,1470,1942,385,397,4194,Northern Panhandle
,Upshur,1312,2107,338,571,4328,Mountain Lakes
,Wayne,875,823,164,348,2210,Hatfield-McCoy Mountains
,Webster,800,344,361,604,2109,Mountain Lakes
,Wetzel,1952,2323,524,431,5230,Northern Panhandle
,Wirt,1234,1807,291,341,3673,Mid-Ohio Valley
,Wood,1845,2319,425,631,5220,Mid-Ohio Valley
,Wyoming,0,0,0,493,493,New River/Greenbrier Valley